LayerNumber,0,1,2,3,4
Average,0.12568132435350854,0.046260999976851666,0.07093375816710538,0.08581597921608602,0.6870631470552565
1 / 4 Quartile,0.13719886811400708,0.05079439436450719,0.07873073795352674,0.09608691802260118,1.0246624946594238
3 / 4 Quartile,0.09701425001453319,0.03655672715634827,0.06120716902785275,0.07523805901392078,0.3556070327758789
