LayerNumber,0,1,2,3,4
Average,0.22894118711377703,0.055037090623171324,0.1175391509531872,0.06767537088069603,0.8421794882940896
1 / 4 Quartile,0.25667557206690933,0.06108276135211281,0.13111939060597966,0.07505492145153728,1.2194631099700928
3 / 4 Quartile,0.19402850002906638,0.04775645023090309,0.10344151333756646,0.06099449521348952,0.5051109790802002
